Series,ADF Statistic,p-value,1%,5%,10%
Market Cap(0.1billion CNY),-0.5040864927018317,0.8912165748214926,-3.6889256286443146,-2.9719894897959187,-2.6252957653061224
