Series,ADF Statistic,p-value,1%,5%,10%
"Foreign direct investment, net (BoP, current US$)",-1.7850654157801085,0.38790110131887956,-3.6790595944893187,-2.9678817237279103,-2.6231583472057074
"Foreign direct investment, net inflows (% of GDP)",-1.7220168046557112,0.4198059420379179,-3.6790595944893187,-2.9678817237279103,-2.6231583472057074
"Foreign direct investment, net inflows (BoP, current US$)",-0.5134035758720559,0.8893742315563686,-3.769732625845229,-3.005425537190083,-2.6425009917355373
"Foreign direct investment, net outflows (% of GDP)",-0.03873541068410425,0.9552090380308669,-3.769732625845229,-3.005425537190083,-2.6425009917355373
"Foreign direct investment, net outflows (BoP, current US$)",-1.9377455769232073,0.3145179520613813,-3.7883858816542486,-3.013097747543462,-2.6463967573696143
